gene,oligo_id,seq,start,end,interval_after,mean_interval,hcr_seq
NM_020309.4,NM_020309.4_0,GGGGGAAGGAGGCTGCAAGT,1,20,34.0,,GAGGAGGGCAGCAAACGGaaGGGGGAAGGAGGCTGCAAGT
NM_020309.4,NM_020309.4_1,GTCCGGGTTCCCGGGGTCCA,54,73,59.0,,GTCCGGGTTCCCGGGGTCCAatGAAGAGTCTTCCTTTACG
NM_020309.4,NM_020309.4_2,CATGGTGGCGGCTCCTGCCG,132,151,2.0,,GAGGAGGGCAGCAAACGGaaCATGGTGGCGGCTCCTGCCG
NM_020309.4,NM_020309.4_3,AAACTCCTCCTGGCGGAACT,153,172,2.0,,AAACTCCTCCTGGCGGAACTatGAAGAGTCTTCCTTTACG
NM_020309.4,NM_020309.4_4,AGCACGACCCGCTAGCTTCC,174,193,2.0,,GAGGAGGGCAGCAAACGGaaAGCACGACCCGCTAGCTTCC
NM_020309.4,NM_020309.4_5,AAGGCGGTGCAGCTTCCCGA,195,214,2.0,,AAGGCGGTGCAGCTTCCCGAatGAAGAGTCTTCCTTTACG
NM_020309.4,NM_020309.4_6,GCCTTCCTGCCGCTTCTCCA,216,235,2.0,,GAGGAGGGCAGCAAACGGaaGCCTTCCTGCCGCTTCTCCA
NM_020309.4,NM_020309.4_7,ACTCAGCTCCAGCGTCTCCG,237,256,4.0,,ACTCAGCTCCAGCGTCTCCGatGAAGAGTCTTCCTTTACG
NM_020309.4,NM_020309.4_8,GTGGTCACCGGGCGCCCATC,260,279,10.0,,GAGGAGGGCAGCAAACGGaaGTGGTCACCGGGCGCCCATC
NM_020309.4,NM_020309.4_9,AGTCCACCACCGGCGGGTCC,289,308,2.0,,AGTCCACCACCGGCGGGTCCatGAAGAGTCTTCCTTTACG
NM_020309.4,NM_020309.4_10,GAGGGAGGCCGAAGCAGGTG,310,329,23.0,,GAGGAGGGCAGCAAACGGaaGAGGGAGGCCGAAGCAGGTG
NM_020309.4,NM_020309.4_12,TGCAGAAGCCCAGACCACTC,352,371,2.0,,TGCAGAAGCCCAGACCACTCatGAAGAGTCTTCCTTTACG
NM_020309.4,NM_020309.4_13,TGCAGCGGATGCCAAAGCTG,373,392,23.0,,GAGGAGGGCAGCAAACGGaaTGCAGCGGATGCCAAAGCTG
NM_020309.4,NM_020309.4_15,TCGTGCTGTTATTGACCATG,415,434,10.0,,TCGTGCTGTTATTGACCATGatGAAGAGTCTTCCTTTACG
NM_020309.4,NM_020309.4_16,CTGCACCACCACGTGGCCCC,444,463,2.0,,GAGGAGGGCAGCAAACGGaaCTGCACCACCACGTGGCCCC
NM_020309.4,NM_020309.4_17,ATCCCAGCTGAACTGGGCTT,465,484,2.0,,ATCCCAGCTGAACTGGGCTTatGAAGAGTCTTCCTTTACG
NM_020309.4,NM_020309.4_18,TATGAGGCCGACAGTCTCTG,486,505,2.0,,GAGGAGGGCAGCAAACGGaaTATGAGGCCGACAGTCTCTG
NM_020309.4,NM_020309.4_19,GCCCCAGAAAAAGGAGCCGT,507,526,2.0,,GCCCCAGAAAAAGGAGCCGTatGAAGAGTCTTCCTTTACG
NM_020309.4,NM_020309.4_20,TGGAATCTGAGTGACAATGT,528,547,2.0,,GAGGAGGGCAGCAAACGGaaTGGAATCTGAGTGACAATGT
NM_020309.4,NM_020309.4_21,TTTTTGACAGATAAATCCTC,549,568,2.0,,TTTTTGACAGATAAATCCTCatGAAGAGTCTTCCTTTACG
NM_020309.4,NM_020309.4_22,GAAAACTCTGTTGGCTGCAA,570,589,2.0,,GAGGAGGGCAGCAAACGGaaGAAAACTCTGTTGGCTGCAA
NM_020309.4,NM_020309.4_23,TGTTGCCACAATAGCAAAGC,591,610,2.0,,TGTTGCCACAATAGCAAAGCatGAAGAGTCTTCCTTTACG
NM_020309.4,NM_020309.4_24,GATCAGCATGTTTAGAGTGG,612,631,2.0,,GAGGAGGGCAGCAAACGGaaGATCAGCATGTTTAGAGTGG
NM_020309.4,NM_020309.4_25,GTGGACGCGGGCAGCTGAGG,633,652,2.0,,GTGGACGCGGGCAGCTGAGGatGAAGAGTCTTCCTTTACG
NM_020309.4,NM_020309.4_26,CACGAAGATGACACAGCCAT,654,673,2.0,,GAGGAGGGCAGCAAACGGaaCACGAAGATGACACAGCCAT
NM_020309.4,NM_020309.4_27,TACCAACCCCTGCAGGATCC,675,694,2.0,,TACCAACCCCTGCAGGATCCatGAAGAGTCTTCCTTTACG
NM_020309.4,NM_020309.4_28,GGCGGGGTATGTGACCCCCT,696,715,23.0,,GAGGAGGGCAGCAAACGGaaGGCGGGGTATGTGACCCCCT
NM_020309.4,NM_020309.4_30,CCGTTCTAAGGGTGGGGCCC,738,757,2.0,,CCGTTCTAAGGGTGGGGCCCatGAAGAGTCTTCCTTTACG
NM_020309.4,NM_020309.4_31,GGCTGTCGTCGCCAGGCGAC,759,778,2.0,,GAGGAGGGCAGCAAACGGaaGGCTGTCGTCGCCAGGCGAC
NM_020309.4,NM_020309.4_32,CCCAGCATAGGAACCACAAA,780,799,2.0,,CCCAGCATAGGAACCACAAAatGAAGAGTCTTCCTTTACG
NM_020309.4,NM_020309.4_33,GAGGGGCATCGCGACCACCG,801,820,2.0,,GAGGAGGGCAGCAAACGGaaGAGGGGCATCGCGACCACCG
NM_020309.4,NM_020309.4_34,GTACTGCACAAGGACCCCGG,822,841,2.0,,GTACTGCACAAGGACCCCGGatGAAGAGTCTTCCTTTACG
NM_020309.4,NM_020309.4_35,GAAAACAGAGCTCCATCCTG,843,862,2.0,,GAGGAGGGCAGCAAACGGaaGAAAACAGAGCTCCATCCTG
NM_020309.4,NM_020309.4_36,CCCGAAGCTGCCGTAGACGT,864,883,2.0,,CCCGAAGCTGCCGTAGACGTatGAAGAGTCTTCCTTTACG
NM_020309.4,NM_020309.4_37,CCAGAACAGGTACCAGAAGA,885,904,2.0,,GAGGAGGGCAGCAAACGGaaCCAGAACAGGTACCAGAAGA
NM_020309.4,NM_020309.4_38,GGACTCGTAGGAGACGAGCA,906,925,2.0,,GGACTCGTAGGAGACGAGCAatGAAGAGTCTTCCTTTACG
NM_020309.4,NM_020309.4_39,GATGCTGGGGTGCAGCGCGG,927,946,2.0,,GAGGAGGGCAGCAAACGGaaGATGCTGGGGTGCAGCGCGG
NM_020309.4,NM_020309.4_40,GTACTTGCGCTCCTCCTCCG,948,967,2.0,,GTACTTGCGCTCCTCCTCCGatGAAGAGTCTTCCTTTACG
NM_020309.4,NM_020309.4_41,CTCTCCGATGGCGTCCTCGA,969,988,2.0,,GAGGAGGGCAGCAAACGGaaCTCTCCGATGGCGTCCTCGA
NM_020309.4,NM_020309.4_42,GGGGTTCATGAGTTTCGCGC,990,1009,2.0,,GGGGTTCATGAGTTTCGCGCatGAAGAGTCTTCCTTTACG
NM_020309.4,NM_020309.4_43,GGGAGTGCTAAACTTCGTGA,1011,1030,2.0,,GAGGAGGGCAGCAAACGGaaGGGAGTGCTAAACTTCGTGA
NM_020309.4,NM_020309.4_44,AGACGTGAAGAAGCGCCGCC,1032,1051,2.0,,AGACGTGAAGAAGCGCCGCCatGAAGAGTCTTCCTTTACG
NM_020309.4,NM_020309.4_45,GATGATGGCATAGACTGGCA,1053,1072,2.0,,GAGGAGGGCAGCAAACGGaaGATGATGGCATAGACTGGCA
NM_020309.4,NM_020309.4_46,GCTGCGGCAGAAGTTGGCCA,1074,1093,2.0,,GCTGCGGCAGAAGTTGGCCAatGAAGAGTCTTCCTTTACG
NM_020309.4,NM_020309.4_47,GAGCAGCAGGTAGAACGTCC,1095,1114,2.0,,GAGGAGGGCAGCAAACGGaaGAGCAGCAGGTAGAACGTCC
NM_020309.4,NM_020309.4_48,GAAGTAGGCGGGCTGGGAGA,1116,1135,2.0,,GAAGTAGGCGGGCTGGGAGAatGAAGAGTCTTCCTTTACG
NM_020309.4,NM_020309.4_49,CTCGAAGCCGAACACTTCTT,1137,1156,2.0,,GAGGAGGGCAGCAAACGGaaCTCGAAGCCGAACACTTCTT
NM_020309.4,NM_020309.4_50,CACCAGGCCTACCTTGCTGA,1158,1177,4.0,,CACCAGGCCTACCTTGCTGAatGAAGAGTCTTCCTTTACG
NM_020309.4,NM_020309.4_51,ATGACCAGGTGGGGCAGCGC,1181,1200,23.0,5.583333333333333,GAGGAGGGCAGCAAACGGaaATGACCAGGTGGGGCAGCGC
NM_020309.4,NM_020309.4_53,AGGAAGTCCGCGATCTGGCC,1223,1242,2.0,5.354166666666667,AGGAAGTCCGCGATCTGGCCatGAAGAGTCTTCCTTTACG
NM_020309.4,NM_020309.4_54,GACATGATGCGGCGGCTCCG,1244,1263,2.0,4.166666666666667,GAGGAGGGCAGCAAACGGaaGACATGATGCGGCGGCTCCG
NM_020309.4,NM_020309.4_55,AACTTGCGCACGTTGGTGGT,1265,1284,2.0,4.166666666666667,AACTTGCGCACGTTGGTGGTatGAAGAGTCTTCCTTTACG
NM_020309.4,NM_020309.4_56,CCGAAGCCTCCGCAGTTCAT,1286,1305,2.0,4.166666666666667,GAGGAGGGCAGCAAACGGaaCCGAAGCCTCCGCAGTTCAT
NM_020309.4,NM_020309.4_57,AACAGCAGCGTGGCTTCCAT,1307,1326,2.0,4.166666666666667,AACAGCAGCGTGGCTTCCATatGAAGAGTCTTCCTTTACG
NM_020309.4,NM_020309.4_58,GAGTGCGAGTAGCCGACCAC,1328,1347,2.0,4.166666666666667,GAGGAGGGCAGCAAACGGaaGAGTGCGAGTAGCCGACCAC
NM_020309.4,NM_020309.4_59,AAGGAGATGGCCACGCCCTT,1349,1368,2.0,4.166666666666667,AAGGAGATGGCCACGCCCTTatGAAGAGTCTTCCTTTACG
NM_020309.4,NM_020309.4_60,AAGCCCACGGCTAGGACCAG,1370,1389,2.0,4.125,GAGGAGGGCAGCAAACGGaaAAGCCCACGGCTAGGACCAG
NM_020309.4,NM_020309.4_61,CCAGAGATGGCGAAGCCGCT,1391,1410,2.0,3.9583333333333335,CCAGAGATGGCGAAGCCGCTatGAAGAGTCTTCCTTTACG
NM_020309.4,NM_020309.4_62,TCCAGGTGGTTCACGTTGAA,1412,1431,2.0,3.9583333333333335,GAGGAGGGCAGCAAACGGaaTCCAGGTGGTTCACGTTGAA
NM_020309.4,NM_020309.4_63,CTGGCGTAGCGCGGGGCTAT,1433,1452,2.0,3.5208333333333335,CTGGCGTAGCGCGGGGCTATatGAAGAGTCTTCCTTTACG
NM_020309.4,NM_020309.4_64,TTGGAGATGCCCATGAGGAT,1454,1473,2.0,3.5208333333333335,GAGGAGGGCAGCAAACGGaaTTGGAGATGCCCATGAGGAT
NM_020309.4,NM_020309.4_65,CCCGACAGTGTGCCCACGCC,1475,1494,2.0,3.0833333333333335,CCCGACAGTGTGCCCACGCCatGAAGAGTCTTCCTTTACG
NM_020309.4,NM_020309.4_66,ACGATGATGGGGCACACCAT,1496,1515,2.0,2.9166666666666665,GAGGAGGGCAGCAAACGGaaACGATGATGGGGCACACCAT
NM_020309.4,NM_020309.4_67,TTGTGCTTAGTCATGGCCCC,1517,1536,2.0,2.9166666666666665,TTGTGCTTAGTCATGGCCCCatGAAGAGTCTTCCTTTACG
NM_020309.4,NM_020309.4_68,TACTGCCACTCCTCCCGAGT,1538,1557,2.0,2.9166666666666665,GAGGAGGGCAGCAAACGGaaTACTGCCACTCCTCCCGAGT
NM_020309.4,NM_020309.4_69,AGGGAGGCAATTAGGAACAC,1559,1578,2.0,2.9166666666666665,AGGGAGGCAATTAGGAACACatGAAGAGTCTTCCTTTACG
NM_020309.4,NM_020309.4_70,ATGACACCTCCATAGTGCAC,1580,1599,2.0,2.9166666666666665,GAGGAGGGCAGCAAACGGaaATGACACCTCCATAGTGCAC
NM_020309.4,NM_020309.4_71,GAAGCAAAGACCCCGTAGAA,1601,1620,2.0,2.9166666666666665,GAAGCAAAGACCCCGTAGAAatGAAGAGTCTTCCTTTACG
NM_020309.4,NM_020309.4_72,GCCCACGGCTGCTTCTCTCC,1622,1641,2.0,2.9166666666666665,GAGGAGGGCAGCAAACGGaaGCCCACGGCTGCTTCTCTCC
NM_020309.4,NM_020309.4_73,TCGCTCATCTCCTCAGGCTC,1643,1662,2.0,2.9166666666666665,TCGCTCATCTCCTCAGGCTCatGAAGAGTCTTCCTTTACG
NM_020309.4,NM_020309.4_74,CCAACGAAGCCACACTTCTC,1664,1683,2.0,2.9166666666666665,GAGGAGGGCAGCAAACGGaaCCAACGAAGCCACACTTCTC
NM_020309.4,NM_020309.4_75,CTGCCAGCCAGCTGGTCATG,1685,1704,2.0,2.9166666666666665,CTGCCAGCCAGCTGGTCATGatGAAGAGTCTTCCTTTACG
NM_020309.4,NM_020309.4_76,TCCTCCATTTCGCTGTCGTC,1706,1725,26.0,2.9166666666666665,GAGGAGGGCAGCAAACGGaaTCCTCCATTTCGCTGTCGTC
NM_020309.4,NM_020309.4_77,TAGGAGGGCGGGGGTGCAGG,1751,1770,2.0,3.4166666666666665,TAGGAGGGCGGGGGTGCAGGatGAAGAGTCTTCCTTTACG
NM_020309.4,NM_020309.4_78,AATGTGCTGTGTGTGGCCCC,1772,1791,16.0,3.4166666666666665,GAGGAGGGCAGCAAACGGaaAATGTGCTGTGTGTGGCCCC
NM_020309.4,NM_020309.4_79,AGTCCCGGACAGGGGGTGGG,1807,1826,2.0,3.2708333333333335,AGTCCCGGACAGGGGGTGGGatGAAGAGTCTTCCTTTACG
NM_020309.4,NM_020309.4_80,AGTGGGAGGCACATGGTCAG,1828,1847,2.0,3.2708333333333335,GAGGAGGGCAGCAAACGGaaAGTGGGAGGCACATGGTCAG
NM_020309.4,NM_020309.4_81,AGGTCCTGGAAACTGCCATT,1849,1868,2.0,3.2708333333333335,AGGTCCTGGAAACTGCCATTatGAAGAGTCTTCCTTTACG
NM_020309.4,NM_020309.4_82,GGCCAGAGATGAGTGGAATG,1870,1889,2.0,3.2708333333333335,GAGGAGGGCAGCAAACGGaaGGCCAGAGATGAGTGGAATG
NM_020309.4,NM_020309.4_83,GTTCCTTGACACTGTCACTC,1891,1910,2.0,3.2708333333333335,GTTCCTTGACACTGTCACTCatGAAGAGTCTTCCTTTACG
NM_020309.4,NM_020309.4_84,GGCAGGACAGAGAGGAGCAG,1912,1931,2.0,3.2708333333333335,GAGGAGGGCAGCAAACGGaaGGCAGGACAGAGAGGAGCAG
NM_020309.4,NM_020309.4_85,GAGAGTGCTTCTTAGGCCTG,1933,1952,2.0,3.2708333333333335,GAGAGTGCTTCTTAGGCCTGatGAAGAGTCTTCCTTTACG
NM_020309.4,NM_020309.4_86,TTGACAGCACTGGGAACAAG,1954,1973,23.0,3.2708333333333335,GAGGAGGGCAGCAAACGGaaTTGACAGCACTGGGAACAAG
NM_020309.4,NM_020309.4_88,AGCTTCACTACCCCTGAGAG,1996,2015,2.0,3.7083333333333335,AGCTTCACTACCCCTGAGAGatGAAGAGTCTTCCTTTACG
NM_020309.4,NM_020309.4_89,TCCTTGAAACTGTCAGTCTG,2017,2036,2.0,3.7083333333333335,GAGGAGGGCAGCAAACGGaaTCCTTGAAACTGTCAGTCTG
NM_020309.4,NM_020309.4_90,ACCTTTAGGGGAATTTGGGT,2038,2057,2.0,3.7083333333333335,ACCTTTAGGGGAATTTGGGTatGAAGAGTCTTCCTTTACG
NM_020309.4,NM_020309.4_91,GGCAGAACGGGTGGAGAGGG,2059,2078,2.0,3.7083333333333335,GAGGAGGGCAGCAAACGGaaGGCAGAACGGGTGGAGAGGG
NM_020309.4,NM_020309.4_92,GGAGAGATTTGAAACCACTG,2080,2099,2.0,3.7083333333333335,GGAGAGATTTGAAACCACTGatGAAGAGTCTTCCTTTACG
NM_020309.4,NM_020309.4_93,CATTCAAATAAAGCCCTGAA,2101,2120,2.0,3.7083333333333335,GAGGAGGGCAGCAAACGGaaCATTCAAATAAAGCCCTGAA
NM_020309.4,NM_020309.4_94,AGAGTAAGAGGTCGAACTGT,2122,2141,2.0,3.7083333333333335,AGAGTAAGAGGTCGAACTGTatGAAGAGTCTTCCTTTACG
NM_020309.4,NM_020309.4_95,GGTGCCTCAAAACCACAAGA,2143,2162,6.0,3.7083333333333335,GAGGAGGGCAGCAAACGGaaGGTGCCTCAAAACCACAAGA
NM_020309.4,NM_020309.4_96,GAGATAAAGGAAAGCGGGGG,2168,2187,2.0,3.7916666666666665,GAGATAAAGGAAAGCGGGGGatGAAGAGTCTTCCTTTACG
NM_020309.4,NM_020309.4_97,AGGTTAGCCTGAGAGTCCCT,2189,2208,2.0,3.7916666666666665,GAGGAGGGCAGCAAACGGaaAGGTTAGCCTGAGAGTCCCT
NM_020309.4,NM_020309.4_98,ATGGGAGCTGAGTGATCTCA,2210,2229,2.0,3.7916666666666665,ATGGGAGCTGAGTGATCTCAatGAAGAGTCTTCCTTTACG
NM_020309.4,NM_020309.4_99,CTTGAATTTTTCTGAAAGGA,2231,2250,2.0,3.7916666666666665,GAGGAGGGCAGCAAACGGaaCTTGAATTTTTCTGAAAGGA
NM_020309.4,NM_020309.4_100,TTGAAACTTCTAGAGGAGGA,2252,2271,2.0,3.7916666666666665,TTGAAACTTCTAGAGGAGGAatGAAGAGTCTTCCTTTACG
NM_020309.4,NM_020309.4_101,CAGAACAGAGTTGGGAGAGA,2273,2292,2.0,3.75,GAGGAGGGCAGCAAACGGaaCAGAACAGAGTTGGGAGAGA
NM_020309.4,NM_020309.4_102,GTTAAACCAATCTGGAAGAT,2294,2313,2.0,3.3125,GTTAAACCAATCTGGAAGATatGAAGAGTCTTCCTTTACG
NM_020309.4,NM_020309.4_103,AATGGCGGGGACGAGTAATT,2315,2334,2.0,3.3125,GAGGAGGGCAGCAAACGGaaAATGGCGGGGACGAGTAATT
NM_020309.4,NM_020309.4_104,CTGGTGAGAATCAATCCCTG,2336,2355,2.0,3.3125,CTGGTGAGAATCAATCCCTGatGAAGAGTCTTCCTTTACG
NM_020309.4,NM_020309.4_105,CGCCATTTTCCATCAGAAAC,2357,2376,2.0,3.3125,GAGGAGGGCAGCAAACGGaaCGCCATTTTCCATCAGAAAC
NM_020309.4,NM_020309.4_106,ACGGAATCGGGGACTTGAAA,2378,2397,2.0,3.3125,ACGGAATCGGGGACTTGAAAatGAAGAGTCTTCCTTTACG
NM_020309.4,NM_020309.4_107,TAGGGGAGATGTGAAGTGGG,2399,2418,2.0,3.3125,GAGGAGGGCAGCAAACGGaaTAGGGGAGATGTGAAGTGGG
NM_020309.4,NM_020309.4_108,TGCTTTCGCAGAATCTGCTG,2420,2439,2.0,3.3125,TGCTTTCGCAGAATCTGCTGatGAAGAGTCTTCCTTTACG
NM_020309.4,NM_020309.4_109,AGAGGGTCTTGAGAAATTTG,2441,2460,2.0,3.3125,GAGGAGGGCAGCAAACGGaaAGAGGGTCTTGAGAAATTTG
NM_020309.4,NM_020309.4_110,CATTATGCTAAGCTAGGGAG,2462,2481,2.0,3.3125,CATTATGCTAAGCTAGGGAGatGAAGAGTCTTCCTTTACG
NM_020309.4,NM_020309.4_111,GATTTTGGTTGTTTCCCCAG,2483,2502,2.0,3.3125,GAGGAGGGCAGCAAACGGaaGATTTTGGTTGTTTCCCCAG
NM_020309.4,NM_020309.4_112,GAGGCATATTGTTAAAATTG,2504,2523,2.0,3.3125,GAGGCATATTGTTAAAATTGatGAAGAGTCTTCCTTTACG
NM_020309.4,NM_020309.4_113,GAAAAAGTGCACGGGGGTAG,2525,2544,2.0,3.3125,GAGGAGGGCAGCAAACGGaaGAAAAAGTGCACGGGGGTAG
NM_020309.4,NM_020309.4_114,TTAGACCTGAAAACCATGTC,2546,2565,2.0,3.3125,TTAGACCTGAAAACCATGTCatGAAGAGTCTTCCTTTACG
NM_020309.4,NM_020309.4_115,ATGGACTGGAGCAGCCACTA,2567,2586,2.0,3.3125,GAGGAGGGCAGCAAACGGaaATGGACTGGAGCAGCCACTA
NM_020309.4,NM_020309.4_116,TAGCTTCAAACCTTTGAGTT,2588,2607,2.0,3.3125,TAGCTTCAAACCTTTGAGTTatGAAGAGTCTTCCTTTACG
NM_020309.4,NM_020309.4_117,CATGGGGGAGTTCAATGGTG,2609,2628,2.0,3.3125,GAGGAGGGCAGCAAACGGaaCATGGGGGAGTTCAATGGTG
NM_020309.4,NM_020309.4_118,GAGGGGGCATCATGAAACCA,2630,2649,2.0,3.3125,GAGGGGGCATCATGAAACCAatGAAGAGTCTTCCTTTACG
NM_020309.4,NM_020309.4_119,AATAAAGTGCGAGGAATTGG,2651,2670,2.0,3.3125,GAGGAGGGCAGCAAACGGaaAATAAAGTGCGAGGAATTGG
NM_020309.4,NM_020309.4_120,TAGTTCGAAACCACCCAGGA,2672,2691,2.0,3.3125,TAGTTCGAAACCACCCAGGAatGAAGAGTCTTCCTTTACG
NM_020309.4,NM_020309.4_121,AATGGCCACTGAGAAACAGG,2693,2712,2.0,3.3125,GAGGAGGGCAGCAAACGGaaAATGGCCACTGAGAAACAGG
NM_020309.4,NM_020309.4_122,AAGCCCCTGAGGGACACAAC,2714,2733,2.0,3.3125,AAGCCCCTGAGGGACACAACatGAAGAGTCTTCCTTTACG
NM_020309.4,NM_020309.4_123,GATCCCAGATTTTGAGTCAT,2735,2754,2.0,3.3125,GAGGAGGGCAGCAAACGGaaGATCCCAGATTTTGAGTCAT
NM_020309.4,NM_020309.4_124,AGGGGTGTCTGAGAGGGGAA,2756,2775,2.0,3.3125,AGGGGTGTCTGAGAGGGGAAatGAAGAGTCTTCCTTTACG
NM_020309.4,NM_020309.4_125,CCCCAAATTCTAAGCTGAAA,2777,2796,2.0,3.3125,GAGGAGGGCAGCAAACGGaaCCCCAAATTCTAAGCTGAAA
NM_020309.4,NM_020309.4_126,TCTGTGACTTCTCTATAGGT,2798,2817,2.0,2.8125,TCTGTGACTTCTCTATAGGTatGAAGAGTCTTCCTTTACG
NM_020309.4,NM_020309.4_127,CCCCATTCCCTTTCATGGGA,2819,2838,17.0,2.8125,GAGGAGGGCAGCAAACGGaaCCCCATTCCCTTTCATGGGA
NM_020309.4,NM_020309.4_128,CAACCCTGCACTGGGAAAAA,2855,2874,2.0,2.8333333333333335,CAACCCTGCACTGGGAAAAAatGAAGAGTCTTCCTTTACG
NM_020309.4,NM_020309.4_129,AGAGACAGAGACACAAAGAC,2876,2895,23.0,2.8333333333333335,GAGGAGGGCAGCAAACGGaaAGAGACAGAGACACAAAGAC
NM_020309.4,NM_020309.4_131,AAGCTTTTATTGGGAGTGGG,2918,2937,,3.2708333333333335,AAGCTTTTATTGGGAGTGGGatGAAGAGTCTTCCTTTACG
